hectare,long,lat,running,chasing,climbing,eating,foraging,kuks,quaas,moans,tail_flags,tail_twitches,approaches,indifferent,runs_from,geometry,hectare_freq
01A,-73.98088744727274,40.76819785090909,0.09090909090909091,0.18181818181818182,0.18181818181818182,0.09090909090909091,0.36363636363636365,0.09090909090909091,0.0,0.0,0.0,0.2727272727272727,0.0,0.5454545454545454,0.2727272727272727,POINT (-73.98088744727274 40.76819785090909),11
01B,-73.9802406562963,40.767892285925925,0.18518518518518517,0.25925925925925924,0.18518518518518517,0.4444444444444444,0.37037037037037035,0.0,0.0,0.0,0.037037037037037035,0.07407407407407407,0.037037037037037035,0.8518518518518519,0.0,POINT (-73.9802406562963 40.767892285925925),27
01C,-73.9793953625,40.76756042666667,0.08333333333333333,0.0,0.16666666666666666,0.08333333333333333,0.8333333333333334,0.0,0.0,0.0,0.08333333333333333,0.08333333333333333,0.08333333333333333,0.08333333333333333,0.16666666666666666,POINT (-73.9793953625 40.76756042666667),12
01D,-73.97821483999999,40.766933203125,0.25,0.125,0.1875,0.125,0.5,0.0,0.0,0.0,0.0,0.375,0.0,0.5625,0.0,POINT (-73.97821483999999 40.766933203125),16
01E,-73.97736158875,40.76652373375,0.0,0.0,0.25,0.0,0.875,0.0,0.0,0.0,0.0,0.25,0.125,0.5,0.0,POINT (-73.97736158875 40.76652373375),8
01F,-73.97653674375,40.766187933750004,0.0,0.0,0.125,0.75,0.125,0.0,0.0,0.0,0.0,0.0,0.125,0.625,0.125,POINT (-73.97653674375 40.766187933750004),8
01G,-73.97488876142857,40.765527982857144,0.0,0.42857142857142855,0.2857142857142857,0.2857142857142857,0.7142857142857143,0.0,0.0,0.0,0.2857142857142857,0.5714285714285714,0.2857142857142857,0.5714285714285714,0.0,POINT (-73.97488876142857 40.765527982857144),7
01H,-73.97390357,40.7651800975,0.25,0.0,0.0,0.5,0.75,0.0,0.0,0.0,0.0,0.0,0.25,0.5,0.25,POINT (-73.97390357 40.7651800975),4
01I,-73.9731966975,40.7651158925,0.25,0.0,0.5,0.25,0.0,0.25,0.0,0.0,0.25,0.5,0.0,0.0,1.0,POINT (-73.9731966975 40.7651158925),4
02A,-73.98083267400001,40.76875454466666,0.4,0.06666666666666667,0.06666666666666667,0.4,0.4,0.0,0.0,0.0,0.13333333333333333,0.4,0.06666666666666667,0.4666666666666667,0.13333333333333333,POINT (-73.98083267400001 40.76875454466666),15
02B,-73.97987272882354,40.7684816317647,0.23529411764705882,0.0,0.058823529411764705,0.23529411764705882,0.47058823529411764,0.0,0.0,0.0,0.11764705882352941,0.0,0.11764705882352941,0.4117647058823529,0.058823529411764705,POINT (-73.97987272882354 40.7684816317647),17
02C,-73.97894876950001,40.767873504,0.15,0.15,0.15,0.25,0.45,0.0,0.0,0.0,0.0,0.05,0.15,0.05,0.1,POINT (-73.97894876950001 40.767873504),20
02D,-73.977813605,40.767659441250004,0.25,0.125,0.5,0.25,0.375,0.0,0.0,0.0,0.0,0.0,0.125,0.25,0.0,POINT (-73.977813605 40.767659441250004),8
02E,-73.97687446583333,40.7672084275,0.08333333333333333,0.0,0.25,0.16666666666666666,0.3333333333333333,0.08333333333333333,0.0,0.0,0.0,0.25,0.08333333333333333,0.8333333333333334,0.08333333333333333,POINT (-73.97687446583333 40.7672084275),12
02F,-73.97541150529412,40.76678418882353,0.47058823529411764,0.058823529411764705,0.11764705882352941,0.17647058823529413,0.17647058823529413,0.0,0.0,0.0,0.0,0.11764705882352941,0.0,0.8235294117647058,0.058823529411764705,POINT (-73.97541150529412 40.76678418882353),17
02G,-73.97481210571428,40.766325877142854,0.0,0.0,0.0,0.42857142857142855,0.42857142857142855,0.0,0.0,0.0,0.0,0.14285714285714285,0.0,1.0,0.0,POINT (-73.97481210571428 40.766325877142854),7
02H,-73.97329625666667,40.765843473333334,0.3333333333333333,0.16666666666666666,0.3333333333333333,0.5,0.0,0.0,0.0,0.0,0.0,0.0,0.16666666666666666,0.8333333333333334,0.0,POINT (-73.97329625666667 40.765843473333334),6
02I,-73.9726068225,40.7655895575,0.5,0.0,0.0,0.5,0.5,0.0,0.0,0.0,0.0,0.0,0.0,0.75,0.25,POINT (-73.9726068225 40.7655895575),4
03A,-73.98007977727273,40.76960876090909,0.09090909090909091,0.0,0.09090909090909091,0.18181818181818182,0.7272727272727273,0.0,0.0,0.0,0.0,0.2727272727272727,0.45454545454545453,0.0,0.36363636363636365,POINT (-73.98007977727273 40.76960876090909),11
03B,-73.97902094210527,40.76908157263158,0.15789473684210525,0.05263157894736842,0.2631578947368421,0.3157894736842105,0.3684210526315789,0.0,0.0,0.0,0.05263157894736842,0.10526315789473684,0.0,0.631578947368421,0.21052631578947367,POINT (-73.97902094210527 40.76908157263158),19
03C,-73.97835248999999,40.768674615,0.5,0.0,0.0,0.0,0.25,0.0,0.0,0.0,0.0,0.0,0.0,1.0,0.0,POINT (-73.97835248999999 40.768674615),4
03D,-73.97726726181818,40.76837921909091,0.5909090909090909,0.045454545454545456,0.22727272727272727,0.09090909090909091,0.5454545454545454,0.045454545454545456,0.09090909090909091,0.0,0.045454545454545456,0.0,0.09090909090909091,0.09090909090909091,0.22727272727272727,POINT (-73.97726726181818 40.76837921909091),22
03E,-73.97599657882353,40.768000655882354,0.17647058823529413,0.0,0.17647058823529413,0.29411764705882354,0.6470588235294118,0.0,0.0,0.0,0.11764705882352941,0.058823529411764705,0.11764705882352941,0.29411764705882354,0.4117647058823529,POINT (-73.97599657882353 40.768000655882354),17
03F,-73.97500962809524,40.76736922285714,0.23809523809523808,0.0,0.19047619047619047,0.09523809523809523,0.6666666666666666,0.0,0.047619047619047616,0.0,0.09523809523809523,0.19047619047619047,0.09523809523809523,0.47619047619047616,0.38095238095238093,POINT (-73.97500962809524 40.76736922285714),21
03G,-73.97420805,40.767201408333335,0.16666666666666666,0.0,0.6666666666666666,0.0,0.16666666666666666,0.16666666666666666,0.0,0.0,0.0,0.0,0.16666666666666666,0.3333333333333333,0.3333333333333333,POINT (-73.97420805 40.767201408333335),6
03H,-73.97285135846154,40.766467625384614,0.15384615384615385,0.0,0.23076923076923078,0.15384615384615385,0.38461538461538464,0.0,0.0,0.0,0.0,0.15384615384615385,0.0,0.6153846153846154,0.3076923076923077,POINT (-73.97285135846154 40.766467625384614),13
03I,-73.97212988153845,40.76621404846154,0.46153846153846156,0.0,0.15384615384615385,0.07692307692307693,0.46153846153846156,0.0,0.0,0.0,0.0,0.0,0.0,0.9230769230769231,0.07692307692307693,POINT (-73.97212988153845 40.76621404846154),13
04A,-73.97963290454545,40.770568058181816,0.18181818181818182,0.0,0.09090909090909091,0.2727272727272727,0.7272727272727273,0.0,0.0,0.0,0.09090909090909091,0.45454545454545453,0.0,0.9090909090909091,0.0,POINT (-73.97963290454545 40.770568058181816),11
04B,-73.97878028181819,40.76975652363637,0.09090909090909091,0.09090909090909091,0.2727272727272727,0.6363636363636364,0.18181818181818182,0.18181818181818182,0.09090909090909091,0.0,0.0,0.18181818181818182,0.36363636363636365,0.36363636363636365,0.0,POINT (-73.97878028181819 40.76975652363637),11
04C,-73.9774632659091,40.76952521454546,0.5,0.18181818181818182,0.18181818181818182,0.3181818181818182,0.6363636363636364,0.0,0.045454545454545456,0.0,0.0,0.22727272727272727,0.0,0.45454545454545453,0.13636363636363635,POINT (-73.9774632659091 40.76952521454546),22
04D,-73.97650982611111,40.769019656666664,0.16666666666666666,0.2222222222222222,0.3333333333333333,0.2777777777777778,0.5,0.1111111111111111,0.0,0.0,0.1111111111111111,0.1111111111111111,0.05555555555555555,0.6666666666666666,0.2777777777777778,POINT (-73.97650982611111 40.769019656666664),18
04E,-73.97559452333333,40.768621775,0.16666666666666666,0.16666666666666666,0.3333333333333333,0.25,0.5,0.0,0.0,0.0,0.0,0.08333333333333333,0.0,0.75,0.16666666666666666,POINT (-73.97559452333333 40.768621775),12
04F,-73.97472390749999,40.768301622500005,0.25,0.0,0.0,0.5,0.5,0.0,0.0,0.0,0.5,0.25,0.25,0.5,0.25,POINT (-73.97472390749999 40.768301622500005),4
04G,-73.973507045,40.7677438,0.0,0.0,0.16666666666666666,0.16666666666666666,0.5,0.0,0.0,0.0,0.0,0.0,0.0,1.0,0.0,POINT (-73.973507045 40.7677438),6
04H,-73.97276590333333,40.76713105666666,0.16666666666666666,0.0,0.16666666666666666,0.3333333333333333,0.8333333333333334,0.0,0.0,0.0,0.0,0.0,0.16666666666666666,0.6666666666666666,0.16666666666666666,POINT (-73.97276590333333 40.76713105666666),6
04I,-73.971651216,40.766951448,0.4,0.2,0.0,0.2,0.4,0.0,0.0,0.0,0.0,0.0,0.0,0.4,0.2,POINT (-73.971651216 40.766951448),5
05A,-73.97896960555555,40.77122560222222,0.0,0.0,0.5555555555555556,0.3333333333333333,0.4444444444444444,0.0,0.0,0.0,0.3333333333333333,0.2222222222222222,0.0,0.3333333333333333,0.2222222222222222,POINT (-73.97896960555555 40.77122560222222),9
05B,-73.977790153,40.770737007,0.5,0.0,0.3,0.4,0.5,0.0,0.0,0.0,0.0,0.0,0.0,0.4,0.1,POINT (-73.977790153 40.770737007),10
05C,-73.9768171765,40.7706889025,0.35,0.05,0.3,0.35,0.35,0.0,0.0,0.0,0.1,0.0,0.1,0.4,0.1,POINT (-73.9768171765 40.7706889025),20
05D,-73.97588670600001,40.769906193,0.0,0.1,0.2,0.2,0.6,0.0,0.0,0.0,0.0,0.0,0.1,0.4,0.4,POINT (-73.97588670600001 40.769906193),10
05E,-73.975057665625,40.769451406875,0.5625,0.0,0.0,0.25,0.625,0.0,0.0,0.0,0.0625,0.0,0.3125,0.5,0.125,POINT (-73.975057665625 40.769451406875),16
05F,-73.97395311833334,40.76903088416667,0.25,0.08333333333333333,0.0,0.3333333333333333,0.5833333333333334,0.0,0.0,0.0,0.0,0.4166666666666667,0.0,0.5,0.0,POINT (-73.97395311833334 40.76903088416667),12
05G,-73.973417365,40.76860253,0.0,0.0,0.16666666666666666,0.6666666666666666,0.6666666666666666,0.0,0.0,0.0,0.0,0.0,0.3333333333333333,0.16666666666666666,0.3333333333333333,POINT (-73.973417365 40.76860253),6
05H,-73.97256692,40.7681497,0.0,0.0,0.0,0.0,1.0,0.0,0.0,0.0,0.0,0.0,0.0,0.0,0.0,POINT (-73.97256692 40.7681497),1
05I,-73.9708452575,40.76791660375,0.375,0.0,0.125,0.375,0.125,0.0,0.0,0.0,0.125,0.25,0.0,0.625,0.125,POINT (-73.9708452575 40.76791660375),8
06A,-73.97845874533333,40.771858102,0.26666666666666666,0.4666666666666667,0.4666666666666667,0.26666666666666666,0.6,0.06666666666666667,0.0,0.0,0.26666666666666666,0.3333333333333333,0.0,0.26666666666666666,0.0,POINT (-73.97845874533333 40.771858102),15
06B,-73.97696299444445,40.77159531555556,0.5555555555555556,0.4444444444444444,0.0,0.0,1.0,0.0,0.0,0.0,0.0,0.0,0.1111111111111111,0.1111111111111111,0.2222222222222222,POINT (-73.97696299444445 40.77159531555556),9
06C,-73.97661296999999,40.771219811,0.1,0.2,0.8,0.1,0.1,0.0,0.0,0.0,0.0,0.2,0.1,0.4,0.3,POINT (-73.97661296999999 40.771219811),10
06D,-73.97558396299999,40.770530709999996,0.0,0.2,0.3,0.1,0.3,0.1,0.0,0.0,0.0,0.2,0.2,0.3,0.2,POINT (-73.97558396299999 40.770530709999996),10
06E,-73.97459283,40.770136874,0.0,0.4,0.0,0.6,0.4,0.0,0.0,0.0,0.0,0.0,0.0,0.8,0.0,POINT (-73.97459283 40.770136874),5
06F,-73.97317930428572,40.769793837142856,0.14285714285714285,0.2857142857142857,0.14285714285714285,0.14285714285714285,0.42857142857142855,0.0,0.0,0.0,0.0,0.0,0.14285714285714285,0.2857142857142857,0.0,POINT (-73.97317930428572 40.769793837142856),7
06G,-73.97225423500001,40.769316998,0.3,0.2,0.2,0.1,0.5,0.0,0.0,0.0,0.1,0.2,0.0,0.8,0.1,POINT (-73.97225423500001 40.769316998),10
06H,-73.97127864,40.7691644725,0.25,0.0,0.0,0.5,0.75,0.0,0.0,0.0,0.0,0.0,0.0,0.5,0.25,POINT (-73.97127864 40.7691644725),4
06I,-73.9703198575,40.7689476075,0.25,0.125,0.25,0.375,0.125,0.0,0.0,0.0,0.0,0.5,0.0,0.125,0.125,POINT (-73.9703198575 40.7689476075),8
07A,-73.97798402800001,40.772706352,0.2,0.0,0.8,0.0,0.2,0.0,0.2,0.0,0.0,0.2,0.0,0.2,0.2,POINT (-73.97798402800001 40.772706352),5
07B,-73.97709729733333,40.77269207533333,0.2,0.26666666666666666,0.06666666666666667,0.13333333333333333,0.3333333333333333,0.0,0.0,0.0,0.0,0.0,0.06666666666666667,0.9333333333333333,0.0,POINT (-73.97709729733333 40.77269207533333),15
07C,-73.97610237777778,40.77173256555555,0.2222222222222222,0.1111111111111111,0.2222222222222222,0.2222222222222222,0.4444444444444444,0.0,0.1111111111111111,0.0,0.0,0.0,0.0,0.3333333333333333,0.1111111111111111,POINT (-73.97610237777778 40.77173256555555),9
07D,-73.97489847,40.772012315,1.0,0.0,0.0,0.0,0.0,0.0,0.0,0.0,0.0,0.0,0.0,0.0,0.0,POINT (-73.97489847 40.772012315),2
07E,-73.97371687272727,40.77115864,0.36363636363636365,0.0,0.18181818181818182,0.7272727272727273,0.45454545454545453,0.0,0.0,0.0,0.09090909090909091,0.2727272727272727,0.09090909090909091,0.18181818181818182,0.18181818181818182,POINT (-73.97371687272727 40.77115864),11
07F,-73.9728004145,40.770610586,0.3,0.1,0.15,0.1,0.3,0.0,0.0,0.0,0.05,0.0,0.0,0.75,0.2,POINT (-73.9728004145 40.770610586),20
07G,-73.97195245875,40.770237251875,0.25,0.0,0.0,0.25,0.5625,0.0,0.0,0.0,0.0,0.125,0.0,0.5625,0.125,POINT (-73.97195245875 40.770237251875),16
07H,-73.97066695538462,40.769835491923075,0.2692307692307692,0.15384615384615385,0.15384615384615385,0.19230769230769232,0.6153846153846154,0.0,0.0,0.0,0.07692307692307693,0.23076923076923078,0.23076923076923078,0.6923076923076923,0.11538461538461539,POINT (-73.97066695538462 40.769835491923075),26
07I,-73.96988797875,40.769492918750004,0.25,0.125,0.125,0.625,0.0,0.0,0.0,0.0,0.25,0.5,0.125,0.0,0.125,POINT (-73.96988797875 40.769492918750004),8
08A,-73.97701561857141,40.77353928714285,0.5714285714285714,0.0,0.5714285714285714,0.5714285714285714,0.14285714285714285,0.14285714285714285,0.0,0.0,0.0,0.0,0.14285714285714285,0.0,0.7142857142857143,POINT (-73.97701561857141 40.77353928714285),7
08B,-73.97641800111111,40.77350564333333,0.16666666666666666,0.0,0.3333333333333333,0.3333333333333333,0.6111111111111112,0.0,0.0,0.0,0.0,0.16666666666666666,0.0,0.7777777777777778,0.2222222222222222,POINT (-73.97641800111111 40.77350564333333),18
08C,-73.975140659,40.772836397000006,0.2,0.0,0.0,0.3,0.6,0.0,0.0,0.0,0.3,0.1,0.0,0.9,0.0,POINT (-73.975140659 40.772836397000006),10
08D,-73.97388532166667,40.772599655,0.08333333333333333,0.08333333333333333,0.08333333333333333,0.25,0.4166666666666667,0.0,0.0,0.0,0.0,0.08333333333333333,0.0,0.25,0.16666666666666666,POINT (-73.97388532166667 40.772599655),12
08E,-73.973520107,40.771898087,0.1,0.2,0.3,0.5,0.5,0.0,0.0,0.0,0.0,0.1,0.2,0.2,0.1,POINT (-73.973520107 40.771898087),10
08F,-73.972438105,40.7714266175,0.25,0.0,0.125,0.25,0.25,0.0,0.0,0.0,0.0,0.125,0.0,0.25,0.125,POINT (-73.972438105 40.7714266175),8
08G,-73.971373615,40.771405955,0.0,0.0,0.0,0.0,1.0,0.0,0.0,0.0,0.0,0.0,0.0,1.0,0.0,POINT (-73.971373615 40.771405955),2
08H,-73.97010495733333,40.77041841133334,0.26666666666666666,0.26666666666666666,0.06666666666666667,0.4666666666666667,0.4666666666666667,0.0,0.0,0.0,0.0,0.0,0.0,0.8,0.06666666666666667,POINT (-73.97010495733333 40.77041841133334),15
08I,-73.96932655809523,40.77028894952381,0.14285714285714285,0.14285714285714285,0.23809523809523808,0.19047619047619047,0.6666666666666666,0.09523809523809523,0.047619047619047616,0.0,0.047619047619047616,0.047619047619047616,0.0,0.8095238095238095,0.09523809523809523,POINT (-73.96932655809523 40.77028894952381),21
09A,-73.97673200333334,40.77425465583333,0.4166666666666667,0.3333333333333333,0.16666666666666666,0.3333333333333333,0.16666666666666666,0.0,0.0,0.0,0.0,0.0,0.0,0.6666666666666666,0.16666666666666666,POINT (-73.97673200333334 40.77425465583333),12
09B,-73.9759208188889,40.77386478777778,0.16666666666666666,0.0,0.2222222222222222,0.16666666666666666,0.6666666666666666,0.05555555555555555,0.0,0.0,0.16666666666666666,0.5,0.0,0.7222222222222222,0.16666666666666666,POINT (-73.9759208188889 40.77386478777778),18
09C,-73.974920431,40.773321011,0.3,0.2,0.1,0.3,0.2,0.0,0.0,0.0,0.0,0.1,0.0,0.5,0.3,POINT (-73.974920431 40.773321011),10
09D,-73.97416149,40.7729686725,0.25,0.0,0.0,0.0,0.75,0.0,0.0,0.0,0.25,0.0,0.0,0.75,0.25,POINT (-73.97416149 40.7729686725),4
09E,-73.97272194142859,40.772736127142856,0.0,0.0,0.0,0.5714285714285714,0.5714285714285714,0.0,0.0,0.0,0.0,0.42857142857142855,0.14285714285714285,0.7142857142857143,0.0,POINT (-73.97272194142859 40.772736127142856),7
09F,-73.97166731333333,40.77220263666667,0.08333333333333333,0.0,0.08333333333333333,0.5,0.4166666666666667,0.0,0.0,0.0,0.08333333333333333,0.0,0.0,0.5,0.08333333333333333,POINT (-73.97166731333333 40.77220263666667),12
09G,-73.97085956000001,40.771631752999994,0.2,0.0,0.5,0.3,0.1,0.0,0.0,0.0,0.0,0.0,0.0,0.2,0.2,POINT (-73.97085956000001 40.771631752999994),10
09H,-73.96960333199999,40.771175392,0.13333333333333333,0.13333333333333333,0.0,0.2,0.7333333333333333,0.0,0.0,0.0,0.06666666666666667,0.2,0.0,0.5333333333333333,0.0,POINT (-73.96960333199999 40.771175392),15
09I,-73.9688257625,40.770932231875,0.125,0.0,0.25,0.0625,0.875,0.0,0.0,0.0,0.0,0.0,0.0625,0.4375,0.25,POINT (-73.9688257625 40.770932231875),16
10A,-73.976258375,40.77514558625,0.25,0.0,0.0,0.5,0.25,0.0,0.0,0.0,0.0,0.375,0.125,0.375,0.125,POINT (-73.976258375 40.77514558625),8
10B,-73.97514003999999,40.77460469222222,0.2222222222222222,0.0,0.2222222222222222,0.3333333333333333,0.5555555555555556,0.0,0.0,0.0,0.0,0.4444444444444444,0.1111111111111111,0.1111111111111111,0.2222222222222222,POINT (-73.97514003999999 40.77460469222222),9
10C,-73.97453108875,40.77428238125,0.125,0.0,0.125,0.5,0.625,0.0,0.0,0.0,0.0,0.375,0.0,0.875,0.25,POINT (-73.97453108875 40.77428238125),8
10D,-73.97314018499999,40.774075435,0.16666666666666666,0.16666666666666666,0.5,0.16666666666666666,0.3333333333333333,0.16666666666666666,0.0,0.0,0.16666666666666666,0.16666666666666666,0.0,0.16666666666666666,0.3333333333333333,POINT (-73.97314018499999 40.774075435),6
10E,-73.97197398333333,40.77322581000001,0.3333333333333333,0.0,0.0,0.0,1.0,0.0,0.0,0.0,0.0,0.6666666666666666,0.0,0.6666666666666666,0.0,POINT (-73.97197398333333 40.77322581000001),3
10F,-73.97092898933333,40.77253232533334,0.3333333333333333,0.0,0.4666666666666667,0.13333333333333333,0.4,0.0,0.0,0.0,0.06666666666666667,0.13333333333333333,0.06666666666666667,0.4,0.3333333333333333,POINT (-73.97092898933333 40.77253232533334),15
10G,-73.97042939666666,40.772502743809525,0.14285714285714285,0.2857142857142857,0.19047619047619047,0.2857142857142857,0.14285714285714285,0.14285714285714285,0.047619047619047616,0.0,0.14285714285714285,0.19047619047619047,0.0,0.5714285714285714,0.14285714285714285,POINT (-73.97042939666666 40.772502743809525),21
10H,-73.96917470166666,40.77199779833334,0.16666666666666666,0.0,0.16666666666666666,0.0,0.6666666666666666,0.0,0.0,0.0,0.0,0.16666666666666666,0.0,0.16666666666666666,0.0,POINT (-73.96917470166666 40.77199779833334),6
10I,-73.968182486,40.771867044,0.2,0.0,0.0,0.0,0.8,0.0,0.0,0.0,0.0,0.2,0.0,0.6,0.4,POINT (-73.968182486 40.771867044),5
11A,-73.975714032,40.775518682,0.6,0.0,0.0,0.6,0.8,0.0,0.0,0.0,0.0,0.2,0.0,0.6,0.0,POINT (-73.975714032 40.775518682),5
11B,-73.97458930923077,40.77570942076923,0.15384615384615385,0.38461538461538464,0.07692307692307693,0.23076923076923078,0.38461538461538464,0.07692307692307693,0.0,0.0,0.07692307692307693,0.07692307692307693,0.15384615384615385,0.15384615384615385,0.07692307692307693,POINT (-73.97458930923077 40.77570942076923),13
11C,-73.97416219,40.77524815,0.0,0.0,1.0,0.0,0.0,0.0,0.0,0.0,0.0,0.0,0.0,0.0,1.0,POINT (-73.97416219 40.77524815),1
11D,-73.97231083692307,40.77467027923077,0.07692307692307693,0.0,0.3076923076923077,0.6153846153846154,0.7692307692307693,0.0,0.0,0.0,0.0,0.23076923076923078,0.15384615384615385,0.5384615384615384,0.23076923076923078,POINT (-73.97231083692307 40.77467027923077),13
11E,-73.97147993909091,40.774339114545455,0.09090909090909091,0.0,0.18181818181818182,0.45454545454545453,0.7272727272727273,0.0,0.0,0.0,0.0,0.0,0.0,0.8181818181818182,0.18181818181818182,POINT (-73.97147993909091 40.774339114545455),11
11F,-73.97037125833333,40.773744201666666,0.16666666666666666,0.0,0.5,0.0,0.16666666666666666,0.0,0.0,0.0,0.0,0.16666666666666666,0.0,0.6666666666666666,0.16666666666666666,POINT (-73.97037125833333 40.773744201666666),6
11G,-73.96942537,40.773041903333336,0.3333333333333333,0.0,0.3333333333333333,0.0,0.6666666666666666,0.0,0.0,0.0,0.0,0.0,0.0,0.6666666666666666,0.3333333333333333,POINT (-73.96942537 40.773041903333336),3
11H,-73.96839132769232,40.77294773846154,0.07692307692307693,0.15384615384615385,0.07692307692307693,0.23076923076923078,0.23076923076923078,0.0,0.0,0.0,0.0,0.38461538461538464,0.15384615384615385,0.6153846153846154,0.15384615384615385,POINT (-73.96839132769232 40.77294773846154),13
11I,-73.96801518222223,40.772498478888885,0.6666666666666666,0.0,0.5555555555555556,0.2222222222222222,0.8888888888888888,0.0,0.0,0.0,0.1111111111111111,0.3333333333333333,0.0,0.1111111111111111,0.3333333333333333,POINT (-73.96801518222223 40.772498478888885),9
12A,-73.97463334999999,40.776698423333336,0.3333333333333333,0.16666666666666666,0.5,0.0,0.3333333333333333,0.0,0.0,0.0,0.0,0.3333333333333333,0.0,0.8333333333333334,0.16666666666666666,POINT (-73.97463334999999 40.776698423333336),6
12B,-73.97417737666667,40.77595366333333,0.0,0.6666666666666666,0.3333333333333333,0.0,0.3333333333333333,0.0,0.0,0.0,0.6666666666666666,0.0,0.0,0.6666666666666666,0.3333333333333333,POINT (-73.97417737666667 40.77595366333333),3
12C,-73.97273389,40.7758549,0.25,0.25,0.0,0.25,0.5,0.25,0.0,0.0,0.0,0.25,0.0,1.0,0.0,POINT (-73.97273389 40.7758549),4
12D,-73.971894864,40.775392212,0.2,0.0,0.4,0.2,0.2,0.0,0.0,0.0,0.2,0.2,0.2,0.6,0.2,POINT (-73.971894864 40.775392212),5
12E,-73.97125381857143,40.77499323571429,0.2857142857142857,0.0,0.42857142857142855,0.21428571428571427,0.42857142857142855,0.07142857142857142,0.0,0.0,0.07142857142857142,0.2857142857142857,0.0,0.7142857142857143,0.2857142857142857,POINT (-73.97125381857143 40.77499323571429),14
12F,-73.96984736619048,40.77437147714286,0.2857142857142857,0.09523809523809523,0.14285714285714285,0.47619047619047616,0.7142857142857143,0.0,0.0,0.0,0.09523809523809523,0.14285714285714285,0.047619047619047616,0.6190476190476191,0.047619047619047616,POINT (-73.96984736619048 40.77437147714286),21
12G,-73.96907489181818,40.77409156545455,0.0,0.2727272727272727,0.09090909090909091,0.0,0.5454545454545454,0.09090909090909091,0.0,0.0,0.0,0.18181818181818182,0.0,0.36363636363636365,0.18181818181818182,POINT (-73.96907489181818 40.77409156545455),11
12H,-73.96789322571429,40.77395908857143,0.0,0.0,0.14285714285714285,0.5714285714285714,0.42857142857142855,0.0,0.0,0.0,0.0,0.0,0.0,0.5714285714285714,0.14285714285714285,POINT (-73.96789322571429 40.77395908857143),7
12I,-73.96706286,40.77349914,0.0,0.0,0.0,0.0,0.0,0.0,0.0,0.0,0.0,1.0,0.0,0.0,1.0,POINT (-73.96706286 40.77349914),1
13A,-73.97452113777778,40.77751332555555,0.2222222222222222,0.1111111111111111,0.2222222222222222,0.1111111111111111,0.1111111111111111,0.0,0.0,0.0,0.0,0.0,0.0,0.6666666666666666,0.1111111111111111,POINT (-73.97452113777778 40.77751332555555),9
13B,-73.97405968000001,40.776920919999995,1.0,0.0,0.5,0.0,0.0,0.0,0.0,0.0,0.0,0.0,0.0,1.0,0.0,POINT (-73.97405968000001 40.776920919999995),2
13C,-73.97207327777778,40.776305334444444,0.3333333333333333,0.0,0.4444444444444444,0.2222222222222222,0.2222222222222222,0.1111111111111111,0.0,0.0,0.0,0.3333333333333333,0.1111111111111111,0.6666666666666666,0.3333333333333333,POINT (-73.97207327777778 40.776305334444444),9
13D,-73.971421552,40.7761777208,0.28,0.16,0.2,0.24,0.68,0.0,0.0,0.0,0.0,0.2,0.08,0.8,0.16,POINT (-73.971421552 40.7761777208),25
13E,-73.97047814541666,40.7760537,0.08333333333333333,0.0,0.0,0.2916666666666667,0.7916666666666666,0.041666666666666664,0.0,0.0,0.041666666666666664,0.16666666666666666,0.08333333333333333,0.4583333333333333,0.16666666666666666,POINT (-73.97047814541666 40.7760537),24
13F,-73.96957184,40.77555641888889,0.2222222222222222,0.0,0.1111111111111111,0.6666666666666666,0.6666666666666666,0.2222222222222222,0.0,0.0,0.0,0.2222222222222222,0.1111111111111111,0.4444444444444444,0.2222222222222222,POINT (-73.96957184 40.77555641888889),9
13G,-73.968355625,40.774939835,0.0,0.0,0.5,0.0,0.75,0.0,0.0,0.0,0.0,0.0,0.0,1.0,0.0,POINT (-73.968355625 40.774939835),4
13H,-73.96760363,40.7746733,0.2,0.0,0.1,0.2,0.5,0.0,0.0,0.0,0.0,0.0,0.0,0.9,0.1,POINT (-73.96760363 40.7746733),10
13I,-73.96617859,40.77425699,1.0,0.0,1.0,0.0,0.0,0.0,0.0,0.0,0.0,0.0,0.0,1.0,0.0,POINT (-73.96617859 40.77425699),1
14A,-73.973638327,40.778434137,0.2,0.2,0.3,0.0,0.4,0.0,0.0,0.0,0.0,0.2,0.0,0.5,0.5,POINT (-73.973638327 40.778434137),10
14B,-73.97298359909091,40.77816767181818,0.0,0.09090909090909091,0.0,0.09090909090909091,0.7272727272727273,0.0,0.0,0.0,0.0,0.0,0.18181818181818182,0.09090909090909091,0.2727272727272727,POINT (-73.97298359909091 40.77816767181818),11
14C,-73.97147969999999,40.7774454,0.0,0.0,0.3333333333333333,0.3333333333333333,0.3333333333333333,0.0,0.3333333333333333,0.0,0.0,0.6666666666666666,0.0,0.3333333333333333,0.6666666666666666,POINT (-73.97147969999999 40.7774454),3
14D,-73.9709571490625,40.777032794375,0.09375,0.0625,0.125,0.1875,0.53125,0.0,0.0,0.0,0.0625,0.0,0.15625,0.375,0.125,POINT (-73.9709571490625 40.777032794375),32
14E,-73.96986098035714,40.77660925607143,0.14285714285714285,0.07142857142857142,0.14285714285714285,0.5357142857142857,0.75,0.03571428571428571,0.0,0.0,0.0,0.0,0.03571428571428571,0.6785714285714286,0.17857142857142858,POINT (-73.96986098035714 40.77660925607143),28
14F,-73.96898107785715,40.77635436714286,0.35714285714285715,0.21428571428571427,0.14285714285714285,0.6428571428571429,0.5714285714285714,0.0,0.0,0.0,0.0,0.07142857142857142,0.0,0.8571428571428571,0.0,POINT (-73.96898107785715 40.77635436714286),14
14G,-73.96787130800001,40.775596117999996,0.0,0.0,0.4,0.0,0.6,0.0,0.0,0.0,0.0,0.6,0.0,0.4,0.4,POINT (-73.96787130800001 40.775596117999996),5
14H,-73.9667355175,40.7753975675,0.3333333333333333,0.16666666666666666,0.0,0.6666666666666666,0.4166666666666667,0.0,0.0,0.0,0.0,0.08333333333333333,0.16666666666666666,0.75,0.08333333333333333,POINT (-73.9667355175 40.7753975675),12
14I,-73.96577242142858,40.77513733571429,0.42857142857142855,0.0,0.5714285714285714,0.2857142857142857,0.42857142857142855,0.0,0.0,0.0,0.0,0.5714285714285714,0.14285714285714285,0.5714285714285714,0.2857142857142857,POINT (-73.96577242142858 40.77513733571429),7
15A,-73.97294243333333,40.77918129666667,0.0,0.0,0.3333333333333333,0.3333333333333333,0.6666666666666666,0.0,0.0,0.0,0.0,0.0,0.0,1.0,0.0,POINT (-73.97294243333333 40.77918129666667),3
15B,-73.9724915975,40.77881685,0.25,0.0,0.375,0.375,0.875,0.0,0.0,0.0,0.0,0.0,0.0,0.625,0.125,POINT (-73.9724915975 40.77881685),8
15C,-73.971171945,40.77844808375,0.375,0.0,0.25,0.375,0.5,0.125,0.0,0.0,0.0,0.125,0.25,0.375,0.375,POINT (-73.971171945 40.77844808375),8
15D,-73.97033150230769,40.777716372307694,0.23076923076923078,0.15384615384615385,0.15384615384615385,0.15384615384615385,0.6153846153846154,0.0,0.0,0.0,0.0,0.0,0.0,0.7692307692307693,0.15384615384615385,POINT (-73.97033150230769 40.777716372307694),13
15E,-73.96936712266667,40.777341182,0.2,0.0,0.13333333333333333,0.4666666666666667,0.6,0.0,0.06666666666666667,0.0,0.0,0.06666666666666667,0.06666666666666667,0.6666666666666666,0.13333333333333333,POINT (-73.96936712266667 40.777341182),15
15F,-73.96848446882353,40.77689533764706,0.35294117647058826,0.058823529411764705,0.17647058823529413,0.11764705882352941,0.7058823529411765,0.0,0.0,0.0,0.0,0.0,0.0,0.5882352941176471,0.4117647058823529,POINT (-73.96848446882353 40.77689533764706),17
15G,-73.96740983625,40.776666905,0.25,0.125,0.1875,0.25,0.25,0.125,0.0,0.0,0.0,0.0625,0.0,0.1875,0.3125,POINT (-73.96740983625 40.776666905),16
15H,-73.96608483899999,40.776080238,0.0,0.2,0.4,0.2,0.3,0.0,0.1,0.0,0.1,0.0,0.0,0.7,0.1,POINT (-73.96608483899999 40.776080238),10
15I,-73.96519426769231,40.775980344615384,0.5384615384615384,0.0,0.38461538461538464,0.38461538461538464,0.5384615384615384,0.0,0.0,0.0,0.0,0.07692307692307693,0.0,0.23076923076923078,0.23076923076923078,POINT (-73.96519426769231 40.775980344615384),13
16A,-73.9727149711111,40.77959753777778,0.1111111111111111,0.0,0.2222222222222222,0.0,0.6666666666666666,0.0,0.0,0.0,0.0,0.5555555555555556,0.2222222222222222,0.2222222222222222,0.3333333333333333,POINT (-73.9727149711111 40.77959753777778),9
16B,-73.9716632175,40.77967867,0.25,0.25,0.0,0.5,0.75,0.0,0.0,0.0,0.0,0.0,0.0,0.5,0.5,POINT (-73.9716632175 40.77967867),4
16C,-73.97078288714286,40.778899405714284,0.14285714285714285,0.14285714285714285,0.2857142857142857,0.2857142857142857,0.7142857142857143,0.0,0.0,0.0,0.0,0.14285714285714285,0.14285714285714285,0.7142857142857143,0.0,POINT (-73.97078288714286 40.778899405714284),7
16D,-73.96988859166667,40.778505108333334,0.3333333333333333,0.1111111111111111,0.16666666666666666,0.3888888888888889,0.5555555555555556,0.1111111111111111,0.0,0.0,0.05555555555555555,0.0,0.0,0.7222222222222222,0.2222222222222222,POINT (-73.96988859166667 40.778505108333334),18
16E,-73.9685215485,40.7780369985,0.3,0.15,0.25,0.1,0.3,0.1,0.0,0.0,0.1,0.2,0.2,0.4,0.25,POINT (-73.9685215485 40.7780369985),20
16F,-73.96756396444444,40.777545866666664,0.1111111111111111,0.0,0.2222222222222222,0.3333333333333333,0.8888888888888888,0.0,0.0,0.0,0.0,0.3333333333333333,0.1111111111111111,0.1111111111111111,0.6666666666666666,POINT (-73.96756396444444 40.777545866666664),9
16G,-73.96681408333333,40.77734334166667,0.16666666666666666,0.0,0.3333333333333333,0.0,0.5,0.16666666666666666,0.0,0.0,0.0,0.16666666666666666,0.0,0.6666666666666666,0.3333333333333333,POINT (-73.96681408333333 40.77734334166667),6
16H,-73.965716605,40.776598445,1.0,0.0,0.16666666666666666,0.0,0.16666666666666666,0.0,0.0,0.0,0.0,0.16666666666666666,0.16666666666666666,0.6666666666666666,0.0,POINT (-73.965716605 40.776598445),6
16I,-73.9647574425,40.7766354325,0.0,0.0,0.25,0.0,0.5,0.0,0.0,0.0,0.0,0.5,0.0,0.75,0.0,POINT (-73.9647574425 40.7766354325),4
17A,-73.9720285125,40.7805185425,0.25,0.0,0.25,0.25,0.5,0.0,0.0,0.0,0.0,0.5,0.0,0.75,0.25,POINT (-73.9720285125 40.7805185425),4
17B,-73.97115810666666,40.779995228333334,0.5,0.3333333333333333,0.16666666666666666,0.16666666666666666,0.5,0.16666666666666666,0.16666666666666666,0.0,0.16666666666666666,0.6666666666666666,0.0,0.6666666666666666,0.16666666666666666,POINT (-73.97115810666666 40.779995228333334),6
17C,-73.970455058,40.779808446,0.0,0.0,0.0,0.6,0.2,0.0,0.0,0.0,0.0,0.0,0.0,0.6,0.2,POINT (-73.970455058 40.779808446),5
17D,-73.96946378166668,40.77938550333334,0.16666666666666666,0.16666666666666666,0.3333333333333333,0.16666666666666666,0.0,0.0,0.0,0.0,0.0,0.3333333333333333,0.0,0.6666666666666666,0.3333333333333333,POINT (-73.96946378166668 40.77938550333334),6
17E,-73.96779782785714,40.77890784428571,0.42857142857142855,0.14285714285714285,0.14285714285714285,0.07142857142857142,0.35714285714285715,0.0,0.0,0.0,0.0,0.0,0.0,0.7857142857142857,0.07142857142857142,POINT (-73.96779782785714 40.77890784428571),14
17F,-73.96734129307693,40.778555689230764,0.3076923076923077,0.0,0.38461538461538464,0.5384615384615384,0.0,0.07692307692307693,0.0,0.0,0.23076923076923078,0.0,0.0,0.5384615384615384,0.15384615384615385,POINT (-73.96734129307693 40.778555689230764),13
17G,-73.96624602199999,40.778019648,0.6,0.4,0.6,0.0,0.4,0.0,0.0,0.0,0.0,0.0,0.0,0.6,0.4,POINT (-73.96624602199999 40.778019648),5
17H,-73.965249925,40.777654645,0.0,0.0,0.5,0.5,0.5,0.0,0.0,0.0,1.0,0.0,0.0,0.5,0.5,POINT (-73.965249925 40.777654645),2
17I,-73.964287512,40.777390636,0.4,0.0,0.6,0.4,0.2,0.0,0.0,0.0,0.0,0.0,0.4,0.6,0.2,POINT (-73.964287512 40.777390636),5
18A,-73.97179472,40.781175389999994,0.3333333333333333,0.0,1.0,0.3333333333333333,0.6666666666666666,0.0,0.0,0.0,0.3333333333333333,0.3333333333333333,0.0,0.0,0.6666666666666666,POINT (-73.97179472 40.781175389999994),3
18C,-73.96953761636364,40.780462663636364,0.36363636363636365,0.18181818181818182,0.2727272727272727,0.36363636363636365,0.6363636363636364,0.0,0.0,0.0,0.0,0.0,0.0,0.36363636363636365,0.18181818181818182,POINT (-73.96953761636364 40.780462663636364),11
18D,-73.96842641399999,40.78051483,0.0,0.0,0.2,0.0,1.0,0.0,0.0,0.0,0.0,0.0,0.0,0.0,0.0,POINT (-73.96842641399999 40.78051483),5
18E,-73.9678823,40.7802961,1.0,0.0,0.0,0.0,1.0,0.0,0.0,0.0,0.0,0.0,0.0,0.0,0.0,POINT (-73.9678823 40.7802961),1
18F,-73.9667419225,40.7793198025,0.0,0.0,0.0,0.75,0.25,0.0,0.25,0.0,0.0,0.25,0.0,0.75,0.25,POINT (-73.9667419225 40.7793198025),4
18G,-73.96562596714286,40.77879032,0.42857142857142855,0.0,0.2857142857142857,0.5714285714285714,0.5714285714285714,0.14285714285714285,0.0,0.0,0.0,0.0,0.0,0.42857142857142855,0.42857142857142855,POINT (-73.96562596714286 40.77879032),7
18H,-73.964517438,40.778100874,0.4,0.4,0.2,0.2,0.4,0.0,0.0,0.0,0.2,0.0,0.0,0.6,0.0,POINT (-73.964517438 40.778100874),5
18I,-73.96388220749999,40.7777056125,0.0,0.08333333333333333,0.5,0.25,0.5,0.0,0.0,0.0,0.0,0.08333333333333333,0.0,0.75,0.16666666666666666,POINT (-73.96388220749999 40.7777056125),12
19A,-73.97061252333333,40.78238505666667,0.0,0.0,0.0,0.3333333333333333,1.0,0.0,0.0,0.0,0.0,0.0,0.0,0.8333333333333334,0.16666666666666666,POINT (-73.97061252333333 40.78238505666667),6
19B,-73.96985239428571,40.781672025714286,0.42857142857142855,0.0,0.0,0.5714285714285714,0.2857142857142857,0.0,0.0,0.0,0.0,0.0,0.0,0.5714285714285714,0.2857142857142857,POINT (-73.96985239428571 40.781672025714286),7
19C,-73.96886585,40.78151820125,0.5,0.25,0.25,0.25,0.25,0.0,0.0,0.0,0.0,0.125,0.125,0.375,0.0,POINT (-73.96886585 40.78151820125),8
19D,-73.9681358325,40.781209435,0.0,0.0,0.5,0.5,0.5,0.0,0.0,0.0,0.0,0.25,0.0,0.5,0.0,POINT (-73.9681358325 40.781209435),4
19E,-73.966848172,40.780397291999996,0.4,0.0,0.2,0.4,0.2,0.0,0.0,0.0,0.2,0.2,0.0,0.4,0.2,POINT (-73.966848172 40.780397291999996),5
19F,-73.965543685,40.779974327000005,0.2,0.3,0.4,0.4,0.4,0.0,0.0,0.0,0.0,0.3,0.2,0.5,0.2,POINT (-73.965543685 40.779974327000005),10
19G,-73.96495227999999,40.77986698666667,0.0,0.0,0.3333333333333333,0.3333333333333333,0.0,0.0,0.0,0.0,0.0,0.6666666666666666,0.3333333333333333,0.0,0.3333333333333333,POINT (-73.96495227999999 40.77986698666667),3
19H,-73.96442557333334,40.779348055,0.3333333333333333,0.0,0.3333333333333333,1.0,0.8333333333333334,0.0,0.0,0.0,0.16666666666666666,0.0,0.16666666666666666,0.6666666666666666,0.3333333333333333,POINT (-73.96442557333334 40.779348055),6
20A,-73.97053105666667,40.78296841,0.0,0.0,0.3333333333333333,0.0,0.6666666666666666,0.0,0.0,0.0,0.0,0.3333333333333333,0.0,1.0,0.0,POINT (-73.97053105666667 40.78296841),3
20B,-73.9693994576923,40.78246148615384,0.07692307692307693,0.15384615384615385,0.0,0.0,0.7692307692307693,0.0,0.0,0.0,0.15384615384615385,0.23076923076923078,0.07692307692307693,0.46153846153846156,0.15384615384615385,POINT (-73.9693994576923 40.78246148615384),13
20C,-73.9680170288889,40.78204882222222,0.7777777777777778,0.2222222222222222,0.1111111111111111,0.0,0.2222222222222222,0.0,0.0,0.0,0.0,0.0,0.4444444444444444,0.0,0.1111111111111111,POINT (-73.9680170288889 40.78204882222222),9
20D,-73.96728639999999,40.78116755666667,0.3333333333333333,0.0,0.3333333333333333,0.6666666666666666,0.6666666666666666,0.0,0.0,0.0,0.3333333333333333,0.3333333333333333,0.0,0.0,0.0,POINT (-73.96728639999999 40.78116755666667),3
20E,-73.96603633000001,40.780899065,0.5,0.0,0.0,1.0,1.0,0.0,0.0,0.0,0.0,0.5,0.0,0.5,0.0,POINT (-73.96603633000001 40.780899065),2
20F,-73.96524861529412,40.78090339176471,0.11764705882352941,0.0,0.4117647058823529,0.35294117647058826,0.4117647058823529,0.11764705882352941,0.0,0.0,0.058823529411764705,0.11764705882352941,0.058823529411764705,0.29411764705882354,0.29411764705882354,POINT (-73.96524861529412 40.78090339176471),17
20G,-73.96457642166666,40.78069692333333,0.5,0.0,0.16666666666666666,0.16666666666666666,0.5,0.3333333333333333,0.0,0.0,0.16666666666666666,0.16666666666666666,0.0,0.16666666666666666,0.5,POINT (-73.96457642166666 40.78069692333333),6
21A,-73.96984505,40.78387486333333,0.1111111111111111,0.2222222222222222,0.3333333333333333,0.1111111111111111,0.4444444444444444,0.0,0.0,0.0,0.0,0.0,0.0,0.8888888888888888,0.0,POINT (-73.96984505 40.78387486333333),9
21B,-73.9690179,40.783468080000006,0.18181818181818182,0.18181818181818182,0.09090909090909091,0.2727272727272727,0.45454545454545453,0.0,0.09090909090909091,0.0,0.0,0.0,0.0,0.5454545454545454,0.09090909090909091,POINT (-73.9690179 40.783468080000006),11
21C,-73.96762267,40.78275804,0.6,0.4,0.4,0.0,0.2,0.0,0.4,0.0,0.6,0.4,0.0,0.4,0.0,POINT (-73.96762267 40.78275804),5
21D,-73.96701949083332,40.78256945583333,0.16666666666666666,0.0,0.16666666666666666,0.25,0.5,0.0,0.0,0.0,0.08333333333333333,0.25,0.08333333333333333,0.25,0.4166666666666667,POINT (-73.96701949083332 40.78256945583333),12
21E,-73.965336746,40.781748033999996,0.0,0.4,0.2,0.4,0.2,0.0,0.0,0.0,0.0,0.2,0.0,0.6,0.0,POINT (-73.965336746 40.781748033999996),5
21F,-73.96466119272728,40.781514234545455,0.18181818181818182,0.0,0.18181818181818182,0.18181818181818182,0.45454545454545453,0.0,0.0,0.0,0.0,0.6363636363636364,0.0,0.2727272727272727,0.5454545454545454,POINT (-73.96466119272728 40.781514234545455),11
21G,-73.96390727090909,40.78103928090909,0.0,0.2727272727272727,0.36363636363636365,0.36363636363636365,0.2727272727272727,0.0,0.0,0.0,0.36363636363636365,0.09090909090909091,0.0,0.5454545454545454,0.18181818181818182,POINT (-73.96390727090909 40.78103928090909),11
21H,-73.96271838833333,40.780960915,0.0,0.16666666666666666,0.3333333333333333,0.16666666666666666,0.16666666666666666,0.16666666666666666,0.0,0.0,0.16666666666666666,0.3333333333333333,0.3333333333333333,0.3333333333333333,0.3333333333333333,POINT (-73.96271838833333 40.780960915),6
22A,-73.9692132711111,40.784368056666665,0.1111111111111111,0.0,0.1111111111111111,0.4444444444444444,0.3333333333333333,0.0,0.0,0.0,0.1111111111111111,0.1111111111111111,0.0,0.0,0.4444444444444444,POINT (-73.9692132711111 40.784368056666665),9
22B,-73.96847306083333,40.784004435,0.16666666666666666,0.16666666666666666,0.08333333333333333,0.08333333333333333,0.5,0.0,0.0,0.0,0.0,0.08333333333333333,0.0,0.3333333333333333,0.08333333333333333,POINT (-73.96847306083333 40.784004435),12
22C,-73.967215191875,40.783743903125,0.3125,0.0625,0.375,0.25,0.125,0.25,0.1875,0.0,0.0625,0.0,0.0,0.0,0.125,POINT (-73.967215191875 40.783743903125),16
22D,-73.9661778,40.783452669999996,0.14285714285714285,0.0,0.14285714285714285,0.2857142857142857,0.5714285714285714,0.14285714285714285,0.0,0.0,0.0,0.0,0.0,0.7142857142857143,0.14285714285714285,POINT (-73.9661778 40.783452669999996),7
22E,-73.965653735,40.78335187,0.0,0.0,0.5,0.0,0.5,0.0,0.0,0.0,0.0,0.0,0.5,0.0,0.0,POINT (-73.965653735 40.78335187),2
22F,-73.964393158,40.78237687066667,0.06666666666666667,0.06666666666666667,0.3333333333333333,0.2,0.3333333333333333,0.0,0.0,0.0,0.13333333333333333,0.13333333333333333,0.06666666666666667,0.8,0.0,POINT (-73.964393158 40.78237687066667),15
22G,-73.96329211125,40.78197607125,0.375,0.125,0.25,0.375,0.25,0.25,0.0,0.0,0.25,0.0,0.0,0.625,0.25,POINT (-73.96329211125 40.78197607125),8
22H,-73.96239114,40.78141686,0.25,0.0,0.25,0.0,0.5,0.25,0.0,0.0,0.25,0.0,0.0,0.75,0.0,POINT (-73.96239114 40.78141686),4
22I,-73.96114880333333,40.78145397,0.3333333333333333,0.0,0.3333333333333333,0.0,0.6666666666666666,0.0,0.0,0.0,0.0,0.0,0.0,1.0,0.0,POINT (-73.96114880333333 40.78145397),3
23A,-73.968815134,40.785145899999996,0.2,0.0,0.4,0.4,0.0,0.0,0.0,0.0,0.0,0.0,0.0,0.6,0.4,POINT (-73.968815134 40.785145899999996),5
23B,-73.96787347285715,40.78470577571428,0.14285714285714285,0.42857142857142855,0.14285714285714285,0.0,0.42857142857142855,0.14285714285714285,0.0,0.0,0.0,0.7142857142857143,0.0,0.2857142857142857,0.5714285714285714,POINT (-73.96787347285715 40.78470577571428),7
23C,-73.966557212,40.784334034,0.2,0.2,0.4,0.2,0.2,0.2,0.0,0.0,0.0,0.0,0.0,0.2,0.0,POINT (-73.966557212 40.784334034),5
23D,-73.96612629,40.78440856,0.0,0.0,1.0,0.0,0.0,0.0,0.0,0.0,0.0,0.0,1.0,0.0,0.0,POINT (-73.96612629 40.78440856),1
23E,-73.96472842,40.78396118,1.0,0.0,0.0,0.0,0.0,0.0,0.0,0.0,0.0,0.0,0.0,0.0,1.0,POINT (-73.96472842 40.78396118),1
23F,-73.963854268,40.783000466,0.4,0.0,0.2,0.4,0.6,0.0,0.2,0.0,0.0,0.6,0.0,0.8,0.2,POINT (-73.963854268 40.783000466),5
23H,-73.96133565,40.78188769,1.0,0.0,0.0,0.0,0.0,0.0,0.0,0.0,0.0,0.0,0.0,0.0,0.0,POINT (-73.96133565 40.78188769),1
23I,-73.960670975,40.7819434,0.25,0.0,0.5,0.0,0.25,0.0,0.0,0.0,0.0,0.0,0.0,0.0,0.0,POINT (-73.960670975 40.7819434),4
24A,-73.96816869285715,40.786129724285715,0.7142857142857143,0.0,0.2857142857142857,0.0,0.0,0.0,0.0,0.0,0.0,0.0,0.0,0.42857142857142855,0.0,POINT (-73.96816869285715 40.786129724285715),7
24B,-73.96709759,40.78541193,1.0,0.0,0.0,1.0,0.0,0.0,0.0,0.0,0.0,1.0,0.0,0.0,1.0,POINT (-73.96709759 40.78541193),1
24I,-73.96002043,40.78287729,0.0,0.0,0.0,1.0,0.0,0.0,0.0,0.0,0.0,0.0,0.0,0.0,0.0,POINT (-73.96002043 40.78287729),1
25A,-73.96746907166667,40.786949963333335,0.16666666666666666,0.16666666666666666,0.3333333333333333,0.16666666666666666,0.16666666666666666,0.0,0.0,0.0,0.3333333333333333,0.16666666666666666,0.0,0.6666666666666666,0.16666666666666666,POINT (-73.96746907166667 40.786949963333335),6
25B,-73.966833665,40.78707091,0.0,0.0,0.5,0.5,1.0,0.0,0.0,0.0,0.0,0.0,0.0,1.0,0.0,POINT (-73.966833665 40.78707091),2
25I,-73.959523885,40.783535814,0.3,0.2,0.3,0.2,0.1,0.0,0.0,0.0,0.3,0.4,0.2,0.1,0.1,POINT (-73.959523885 40.783535814),10
26A,-73.96720395125,40.78761002,0.0,0.5,0.125,0.0,0.5,0.0,0.0,0.0,0.25,0.25,0.0,0.0,0.25,POINT (-73.96720395125 40.78761002),8
26B,-73.96629396,40.78785023,1.0,0.0,0.0,0.0,0.0,0.0,0.0,0.0,0.0,0.0,0.0,0.0,1.0,POINT (-73.96629396 40.78785023),1
26I,-73.959220565,40.78436137875,0.0,0.0,0.5,0.25,1.0,0.0,0.0,0.0,0.0,0.375,0.125,0.625,0.0,POINT (-73.959220565 40.78436137875),8
27A,-73.96653770666667,40.78860671333333,0.3333333333333333,0.3333333333333333,0.0,0.3333333333333333,0.3333333333333333,0.0,0.0,0.0,0.0,0.0,0.0,0.3333333333333333,0.6666666666666666,POINT (-73.96653770666667 40.78860671333333),3
27B,-73.96570717,40.78871364,0.0,0.5,0.0,0.5,1.0,0.0,0.0,0.0,0.0,0.0,0.0,0.0,1.0,POINT (-73.96570717 40.78871364),2
27I,-73.9584383225,40.7851936425,0.375,0.0,0.25,0.125,0.375,0.0,0.0,0.0,0.0,0.0,0.125,0.375,0.625,POINT (-73.9584383225 40.7851936425),8
28A,-73.96622817666666,40.78909159,0.3333333333333333,0.16666666666666666,0.0,0.5,0.5,0.16666666666666666,0.0,0.0,0.0,0.3333333333333333,0.0,0.5,0.16666666666666666,POINT (-73.96622817666666 40.78909159),6
28B,-73.96501569666667,40.78903334666666,0.0,0.0,0.6666666666666666,0.0,0.3333333333333333,0.0,0.0,0.0,0.0,0.0,0.0,0.0,0.0,POINT (-73.96501569666667 40.78903334666666),3
28C,-73.964187395,40.788639775,0.5,0.0,0.25,0.0,0.0,0.0,0.0,0.0,0.25,0.0,0.0,0.5,0.5,POINT (-73.964187395 40.788639775),4
28D,-73.96275836125,40.788460470000004,0.25,0.0,0.25,0.25,0.5,0.0,0.0,0.0,0.0,0.125,0.0,0.25,0.5,POINT (-73.96275836125 40.788460470000004),8
28I,-73.958143975,40.785613229999996,0.5,0.0,0.5,0.0,0.0,0.0,0.0,0.0,0.0,0.0,0.0,0.5,0.5,POINT (-73.958143975 40.785613229999996),2
29A,-73.965163865,40.790375265,0.0,0.0,0.0,0.0,0.75,0.0,0.0,0.0,0.0,0.25,0.25,0.5,0.5,POINT (-73.965163865 40.790375265),4
29B,-73.96408525285713,40.789880417142854,0.2857142857142857,0.0,0.14285714285714285,0.7142857142857143,0.5714285714285714,0.0,0.0,0.0,0.14285714285714285,0.14285714285714285,0.14285714285714285,0.5714285714285714,0.0,POINT (-73.96408525285713 40.789880417142854),7
29C,-73.9633689925,40.789077985,0.375,0.125,0.25,0.0,0.5,0.0,0.125,0.0,0.0,0.0,0.125,0.125,0.375,POINT (-73.9633689925 40.789077985),8
29D,-73.96241687625,40.78869162125,0.0,0.0,0.125,0.25,0.75,0.0,0.0,0.0,0.0,0.125,0.125,0.75,0.125,POINT (-73.96241687625 40.78869162125),8
29H,-73.957644905,40.787466025,0.5,0.0,1.0,0.0,0.0,0.0,0.0,0.0,0.0,0.5,0.0,0.5,0.5,POINT (-73.957644905 40.787466025),2
29I,-73.95765302,40.78686595,0.0,0.0,0.0,1.0,1.0,0.0,0.0,0.0,0.0,0.0,0.0,0.0,0.0,POINT (-73.95765302 40.78686595),1
30A,-73.96475312800001,40.790998423999994,0.4,0.0,0.2,0.6,0.2,0.0,0.0,0.0,0.0,0.4,0.0,0.0,0.8,POINT (-73.96475312800001 40.790998423999994),5
30B,-73.96383513095238,40.79056890571429,0.3333333333333333,0.047619047619047616,0.42857142857142855,0.47619047619047616,0.5714285714285714,0.0,0.0,0.0,0.0,0.14285714285714285,0.0,0.047619047619047616,0.5714285714285714,POINT (-73.96383513095238 40.79056890571429),21
30C,-73.96276855333333,40.790518660000004,0.3333333333333333,0.0,0.0,0.6666666666666666,1.0,0.0,0.0,0.0,0.0,0.6666666666666666,0.0,0.6666666666666666,0.0,POINT (-73.96276855333333 40.790518660000004),3
30D,-73.96142729,40.789185695,0.0,0.0,0.0,0.0,1.0,0.0,0.0,0.0,0.0,0.0,0.0,1.0,0.0,POINT (-73.96142729 40.789185695),2
30E,-73.960775415,40.789070865,0.0,0.25,0.5,0.0,0.25,0.25,0.25,0.0,0.0,0.25,0.0,0.5,0.25,POINT (-73.960775415 40.789070865),4
30F,-73.95974537,40.78913822,0.0,0.0,1.0,0.0,0.0,0.0,0.0,0.0,0.0,1.0,0.0,0.0,1.0,POINT (-73.95974537 40.78913822),1
30H,-73.95735217250001,40.7876005725,0.0,0.0,0.25,0.25,0.5,0.0,0.0,0.0,0.0,0.75,0.0,0.75,0.0,POINT (-73.95735217250001 40.7876005725),4
30I,-73.95682093571428,40.78785955285714,0.42857142857142855,0.0,0.14285714285714285,0.0,0.2857142857142857,0.0,0.0,0.0,0.14285714285714285,0.0,0.14285714285714285,0.14285714285714285,0.8571428571428571,POINT (-73.95682093571428 40.78785955285714),7
31A,-73.96393092,40.791652318888886,0.1111111111111111,0.0,0.0,0.6666666666666666,0.5555555555555556,0.0,0.0,0.0,0.1111111111111111,0.4444444444444444,0.0,0.3333333333333333,0.1111111111111111,POINT (-73.96393092 40.791652318888886),9
31B,-73.96314376285714,40.79146429428572,0.0,0.2857142857142857,0.2857142857142857,0.42857142857142855,0.2857142857142857,0.0,0.0,0.0,0.0,0.0,0.0,0.42857142857142855,0.42857142857142855,POINT (-73.96314376285714 40.79146429428572),7
31C,-73.9623436025,40.7912347925,0.25,0.0,1.0,0.25,0.0,0.0,0.0,0.0,0.0,0.5,0.0,0.25,0.75,POINT (-73.9623436025 40.7912347925),4
31D,-73.96111914363637,40.79058983272727,0.18181818181818182,0.0,0.18181818181818182,0.36363636363636365,0.5454545454545454,0.0,0.0,0.09090909090909091,0.09090909090909091,0.09090909090909091,0.0,0.45454545454545453,0.5454545454545454,POINT (-73.96111914363637 40.79058983272727),11
31E,-73.95998632199999,40.789956407,0.1,0.2,0.1,0.3,0.5,0.0,0.2,0.0,0.2,0.0,0.0,0.9,0.1,POINT (-73.95998632199999 40.789956407),10
31F,-73.95913283166666,40.789435535,0.3333333333333333,0.0,0.16666666666666666,0.0,0.6666666666666666,0.0,0.0,0.0,0.16666666666666666,0.3333333333333333,0.0,0.16666666666666666,0.6666666666666666,POINT (-73.95913283166666 40.789435535),6
31G,-73.95783165,40.7890103,0.0,0.0,0.0,0.0,0.0,0.0,0.0,0.0,0.0,1.0,0.0,0.0,0.0,POINT (-73.95783165 40.7890103),1
31H,-73.957271224,40.788778856,0.2,0.0,1.0,0.0,0.4,0.0,0.0,0.0,0.0,0.2,0.0,0.4,0.2,POINT (-73.957271224 40.788778856),5
31I,-73.9562097925,40.78823466,0.25,0.0,0.0,0.0,0.75,0.0,0.0,0.0,0.0,0.0,0.0,0.75,0.25,POINT (-73.9562097925 40.78823466),4
32A,-73.9634219707143,40.79254918428571,0.2857142857142857,0.21428571428571427,0.0,0.07142857142857142,0.5714285714285714,0.0,0.0,0.0,0.14285714285714285,0.07142857142857142,0.0,0.7857142857142857,0.14285714285714285,POINT (-73.9634219707143 40.79254918428571),14
32B,-73.96284404000001,40.792107263999995,0.3,0.0,0.2,0.1,0.7,0.0,0.0,0.0,0.0,0.3,0.1,0.4,0.5,POINT (-73.96284404000001 40.792107263999995),10
32C,-73.96155483789474,40.79173866894737,0.3157894736842105,0.21052631578947367,0.15789473684210525,0.21052631578947367,0.5789473684210527,0.0,0.0,0.0,0.0,0.21052631578947367,0.05263157894736842,0.10526315789473684,0.10526315789473684,POINT (-73.96155483789474 40.79173866894737),19
32D,-73.96061853933334,40.79128853066666,0.4666666666666667,0.0,0.2,0.6666666666666666,0.13333333333333333,0.0,0.0,0.0,0.06666666666666667,0.6666666666666666,0.2,0.5333333333333333,0.26666666666666666,POINT (-73.96061853933334 40.79128853066666),15
32E,-73.959497857,40.790653807333335,0.03333333333333333,0.06666666666666667,0.26666666666666666,0.4,0.5666666666666667,0.0,0.03333333333333333,0.0,0.0,0.0,0.03333333333333333,0.26666666666666666,0.43333333333333335,POINT (-73.959497857 40.790653807333335),30
32F,-73.95845593333334,40.790584684,0.4666666666666667,0.26666666666666666,0.3333333333333333,0.2,0.6666666666666666,0.0,0.0,0.0,0.0,0.0,0.06666666666666667,0.4666666666666667,0.13333333333333333,POINT (-73.95845593333334 40.790584684),15
32G,-73.95756321600001,40.79006535800001,0.0,0.0,0.2,0.2,0.8,0.0,0.0,0.0,0.0,0.2,0.0,0.8,0.2,POINT (-73.95756321600001 40.79006535800001),5
32H,-73.95634269,40.789548197500004,0.25,0.0,0.5,0.0,0.25,0.0,0.0,0.0,0.0,0.25,0.25,0.25,0.25,POINT (-73.95634269 40.789548197500004),4
32I,-73.95537013375,40.78894336,0.0,0.0,0.75,0.125,0.625,0.0,0.0,0.0,0.5,0.125,0.0,0.75,0.0,POINT (-73.95537013375 40.78894336),8
33A,-73.962970574,40.793482846,0.2,0.0,0.2,0.0,0.6,0.0,0.0,0.0,0.0,0.0,0.0,0.4,0.2,POINT (-73.962970574 40.793482846),5
33B,-73.96176156375,40.792637085625,0.0625,0.0,0.0625,0.0625,0.625,0.0625,0.0,0.0,0.0,0.0625,0.0625,0.4375,0.3125,POINT (-73.96176156375 40.792637085625),16
33C,-73.961508475,40.792233573333334,0.16666666666666666,0.3333333333333333,0.5,0.16666666666666666,0.3333333333333333,0.0,0.0,0.0,0.0,0.16666666666666666,0.0,0.6666666666666666,0.3333333333333333,POINT (-73.961508475 40.792233573333334),6
33D,-73.959729655,40.7917631725,0.08333333333333333,0.16666666666666666,0.4166666666666667,0.08333333333333333,0.4166666666666667,0.25,0.25,0.0,0.16666666666666666,0.3333333333333333,0.16666666666666666,0.5,0.5,POINT (-73.959729655 40.7917631725),12
33E,-73.95892875681818,40.79144943409091,0.13636363636363635,0.22727272727272727,0.22727272727272727,0.13636363636363635,0.2727272727272727,0.045454545454545456,0.0,0.0,0.0,0.0,0.0,0.36363636363636365,0.3181818181818182,POINT (-73.95892875681818 40.79144943409091),22
33F,-73.95838495625,40.79134672,0.25,0.125,0.125,0.625,0.875,0.25,0.0,0.0,0.125,0.75,0.0,0.5,0.25,POINT (-73.95838495625 40.79134672),8
33G,-73.9565438875,40.790710520000005,0.25,0.0,0.75,0.0,0.0,0.0,0.0,0.0,0.0,0.0,0.0,0.75,0.5,POINT (-73.9565438875 40.790710520000005),4
33H,-73.95657563500001,40.790234435,0.0,0.0,0.0,0.0,0.0,0.0,0.0,0.0,0.0,0.0,0.0,0.0,0.0,POINT (-73.95657563500001 40.790234435),2
33I,-73.95467044083334,40.7898498275,0.25,0.0,0.25,0.08333333333333333,0.5,0.0,0.0,0.0,0.0,0.25,0.0,0.5833333333333334,0.3333333333333333,POINT (-73.95467044083334 40.7898498275),12
34A,-73.96245643625,40.794102975,0.5,0.375,0.375,0.375,0.5,0.0,0.0,0.0,0.0,0.0,0.0,0.25,0.125,POINT (-73.96245643625 40.794102975),8
34B,-73.96119146250001,40.79390406,0.75,0.0,0.25,0.0,0.5,0.0,0.0,0.0,0.0,0.25,0.5,0.5,0.25,POINT (-73.96119146250001 40.79390406),4
34C,-73.96031758,40.793387365,0.6666666666666666,0.0,0.16666666666666666,0.16666666666666666,0.6666666666666666,0.0,0.0,0.0,0.16666666666666666,0.0,0.0,0.8333333333333334,0.16666666666666666,POINT (-73.96031758 40.793387365),6
34D,-73.95935726500001,40.79295062,0.3333333333333333,0.0,0.3333333333333333,0.16666666666666666,0.5,0.0,0.0,0.0,0.0,0.3333333333333333,0.0,0.3333333333333333,0.3333333333333333,POINT (-73.95935726500001 40.79295062),6
34E,-73.958275235,40.792268795,0.0,0.0,0.0,0.5,0.0,0.0,0.0,0.0,0.0,0.5,0.0,0.5,0.5,POINT (-73.958275235 40.792268795),2
34F,-73.95810901499999,40.79181929,0.5,0.0,0.5,0.0,0.5,0.0,0.0,0.0,0.0,0.0,0.0,0.5,0.5,POINT (-73.95810901499999 40.79181929),2
34G,-73.956003045,40.79163126500001,0.0,0.0,0.5,0.5,0.5,0.0,0.0,0.0,0.0,0.0,0.0,0.0,0.5,POINT (-73.956003045 40.79163126500001),2
34H,-73.9552184425,40.791089935,0.25,0.0,0.125,0.125,0.375,0.125,0.125,0.0,0.0,0.125,0.0,0.0,0.125,POINT (-73.9552184425 40.791089935),8
34I,-73.95456496636363,40.79072224909091,0.2727272727272727,0.0,0.18181818181818182,0.18181818181818182,0.45454545454545453,0.0,0.0,0.0,0.0,0.18181818181818182,0.0,0.18181818181818182,0.09090909090909091,POINT (-73.95456496636363 40.79072224909091),11
35A,-73.9617310995,40.794684867,0.35,0.1,0.1,0.2,0.45,0.0,0.0,0.0,0.1,0.05,0.0,0.35,0.55,POINT (-73.9617310995 40.794684867),20
35B,-73.961219148,40.79432391,0.6,0.0,0.4,0.2,0.4,0.2,0.0,0.0,0.1,0.0,0.1,0.6,0.5,POINT (-73.961219148 40.79432391),10
35C,-73.96016510818181,40.79411463181818,0.0,0.0,0.2727272727272727,0.0,0.7272727272727273,0.09090909090909091,0.09090909090909091,0.0,0.09090909090909091,0.09090909090909091,0.09090909090909091,0.09090909090909091,0.36363636363636365,POINT (-73.96016510818181 40.79411463181818),11
35D,-73.958839361,40.793624563,0.0,0.0,0.4,0.1,0.4,0.0,0.0,0.0,0.0,0.1,0.0,0.7,0.1,POINT (-73.958839361 40.793624563),10
35E,-73.95754175454546,40.79337140909091,0.09090909090909091,0.0,0.0,0.18181818181818182,0.7272727272727273,0.0,0.0,0.0,0.0,0.0,0.2727272727272727,0.5454545454545454,0.18181818181818182,POINT (-73.95754175454546 40.79337140909091),11
35F,-73.957002395,40.79312803,0.25,0.0,0.25,1.0,1.0,0.0,0.0,0.0,0.25,0.5,0.0,0.75,0.5,POINT (-73.957002395 40.79312803),4
35G,-73.95569009666667,40.792209703333334,0.3333333333333333,0.0,1.0,0.0,0.0,0.0,0.0,0.0,0.0,0.3333333333333333,0.0,0.6666666666666666,0.3333333333333333,POINT (-73.95569009666667 40.792209703333334),3
35H,-73.95408263499999,40.79201981,0.0,0.0,0.5,0.0,0.0,0.0,0.0,0.0,0.0,0.5,0.0,0.5,0.5,POINT (-73.95408263499999 40.79201981),2
35I,-73.95377703333334,40.791753113333336,0.0,0.0,0.6666666666666666,0.3333333333333333,0.3333333333333333,0.0,0.0,0.0,0.0,0.0,0.0,1.0,0.0,POINT (-73.95377703333334 40.791753113333336),3
36A,-73.96118365090909,40.79545130454546,0.2727272727272727,0.09090909090909091,0.0,0.2727272727272727,0.2727272727272727,0.0,0.0,0.0,0.0,0.18181818181818182,0.09090909090909091,0.45454545454545453,0.45454545454545453,POINT (-73.96118365090909 40.79545130454546),11
36B,-73.96021107,40.795403576666665,0.6666666666666666,0.2222222222222222,0.1111111111111111,0.2222222222222222,0.1111111111111111,0.0,0.0,0.0,0.0,0.3333333333333333,0.1111111111111111,0.2222222222222222,0.6666666666666666,POINT (-73.96021107 40.795403576666665),9
36C,-73.959182807,40.794836571999994,0.4,0.3,0.1,0.6,0.9,0.1,0.1,0.0,0.0,0.4,0.0,0.5,0.5,POINT (-73.959182807 40.794836571999994),10
36D,-73.95830676,40.79425138333333,0.0,0.0,0.3333333333333333,0.3333333333333333,1.0,0.0,0.0,0.0,0.0,0.0,0.3333333333333333,0.6666666666666666,0.3333333333333333,POINT (-73.95830676 40.79425138333333),3
36E,-73.957012974,40.793734134,0.6,0.0,0.2,0.2,0.6,0.0,0.0,0.0,0.0,0.0,0.0,0.6,0.4,POINT (-73.957012974 40.793734134),5
36F,-73.95642252833333,40.79367625166667,0.16666666666666666,0.0,0.0,0.3333333333333333,0.6666666666666666,0.08333333333333333,0.0,0.0,0.0,0.0,0.16666666666666666,0.3333333333333333,0.4166666666666667,POINT (-73.95642252833333 40.79367625166667),12
36G,-73.954725505,40.79319457,0.0,0.0,0.0,0.5,0.0,0.0,0.0,0.0,0.0,0.0,0.0,0.0,0.0,POINT (-73.954725505 40.79319457),2
36H,-73.95426034,40.7928152675,0.25,0.0,0.25,0.0,1.0,0.25,0.25,0.0,0.0,0.0,0.0,0.75,0.0,POINT (-73.95426034 40.7928152675),4
36I,-73.95298461095237,40.79225399619048,0.23809523809523808,0.23809523809523808,0.09523809523809523,0.3333333333333333,0.6190476190476191,0.047619047619047616,0.0,0.0,0.0,0.38095238095238093,0.09523809523809523,0.5714285714285714,0.19047619047619047,POINT (-73.95298461095237 40.79225399619048),21
37A,-73.96079424666667,40.79627279666666,0.0,0.0,0.3333333333333333,0.0,0.6666666666666666,0.0,0.0,0.0,0.0,0.0,0.0,0.0,0.3333333333333333,POINT (-73.96079424666667 40.79627279666666),3
37B,-73.95967139454545,40.79595088818182,0.2727272727272727,0.0,0.09090909090909091,0.36363636363636365,0.5454545454545454,0.0,0.09090909090909091,0.0,0.0,0.18181818181818182,0.0,0.36363636363636365,0.45454545454545453,POINT (-73.95967139454545 40.79595088818182),11
37C,-73.95874571444445,40.79558590333333,0.1111111111111111,0.0,0.0,0.1111111111111111,0.8888888888888888,0.0,0.0,0.0,0.0,0.0,0.0,0.8888888888888888,0.1111111111111111,POINT (-73.95874571444445 40.79558590333333),9
37D,-73.957943331,40.795127926999996,0.0,0.1,0.3,0.0,0.8,0.0,0.0,0.0,0.0,0.0,0.0,0.2,0.5,POINT (-73.957943331 40.795127926999996),10
37E,-73.95661089153846,40.79476524846154,0.38461538461538464,0.07692307692307693,0.07692307692307693,0.23076923076923078,0.5384615384615384,0.07692307692307693,0.0,0.0,0.0,0.23076923076923078,0.07692307692307693,0.5384615384615384,0.3076923076923077,POINT (-73.95661089153846 40.79476524846154),13
37F,-73.95571198666666,40.79436677333334,0.0,0.0,0.3333333333333333,0.3333333333333333,0.6666666666666666,0.0,0.0,0.0,0.3333333333333333,0.0,0.0,0.6666666666666666,0.3333333333333333,POINT (-73.95571198666666 40.79436677333334),3
37G,-73.95441057800001,40.79407301533333,0.26666666666666666,0.06666666666666667,0.06666666666666667,0.13333333333333333,0.4,0.0,0.0,0.0,0.0,0.0,0.0,0.26666666666666666,0.2,POINT (-73.95441057800001 40.79407301533333),15
37H,-73.95330988571429,40.793325808571424,0.42857142857142855,0.0,0.42857142857142855,0.2857142857142857,0.42857142857142855,0.14285714285714285,0.14285714285714285,0.0,0.0,0.14285714285714285,0.0,0.14285714285714285,0.5714285714285714,POINT (-73.95330988571429 40.793325808571424),7
37I,-73.95272042428572,40.79308821714285,0.14285714285714285,0.0,0.2857142857142857,0.14285714285714285,0.42857142857142855,0.0,0.0,0.0,0.0,0.0,0.0,0.5714285714285714,0.42857142857142855,POINT (-73.95272042428572 40.79308821714285),7
38A,-73.959848191,40.797257543,0.3,0.2,0.4,0.1,0.4,0.0,0.0,0.0,0.0,0.1,0.2,0.8,0.3,POINT (-73.959848191 40.797257543),10
38B,-73.95928270857144,40.79684333,0.14285714285714285,0.0,0.14285714285714285,0.2857142857142857,0.5714285714285714,0.14285714285714285,0.2857142857142857,0.0,0.14285714285714285,0.2857142857142857,0.0,0.42857142857142855,0.14285714285714285,POINT (-73.95928270857144 40.79684333),7
38C,-73.9581212847619,40.79623534904762,0.42857142857142855,0.047619047619047616,0.2857142857142857,0.47619047619047616,0.47619047619047616,0.38095238095238093,0.047619047619047616,0.0,0.09523809523809523,0.23809523809523808,0.047619047619047616,0.2857142857142857,0.5714285714285714,POINT (-73.9581212847619 40.79623534904762),21
38D,-73.95724752666666,40.79595863111111,0.5555555555555556,0.0,0.0,0.2222222222222222,0.3333333333333333,0.0,0.0,0.0,0.0,0.1111111111111111,0.0,0.3333333333333333,0.3333333333333333,POINT (-73.95724752666666 40.79595863111111),9
38E,-73.95608377411764,40.79540465235294,0.17647058823529413,0.17647058823529413,0.11764705882352941,0.058823529411764705,0.5882352941176471,0.0,0.0,0.0,0.17647058823529413,0.11764705882352941,0.0,0.5882352941176471,0.23529411764705882,POINT (-73.95608377411764 40.79540465235294),17
38F,-73.95481545,40.79490936,0.3333333333333333,0.0,0.08333333333333333,0.0,0.5,0.08333333333333333,0.08333333333333333,0.0,0.0,0.0,0.0,0.08333333333333333,0.3333333333333333,POINT (-73.95481545 40.79490936),12
38G,-73.95407475818182,40.794527643636364,0.2727272727272727,0.2727272727272727,0.0,0.2727272727272727,0.45454545454545453,0.09090909090909091,0.36363636363636365,0.0,0.9090909090909091,0.0,0.09090909090909091,0.7272727272727273,0.2727272727272727,POINT (-73.95407475818182 40.794527643636364),11
38H,-73.95321676,40.793987404999996,0.0,0.0,0.0,0.5,1.0,0.0,0.0,0.0,0.0,0.0,0.0,0.5,0.5,POINT (-73.95321676 40.793987404999996),2
38I,-73.95229225166666,40.793670131666666,0.3333333333333333,0.0,0.0,0.16666666666666666,0.16666666666666666,0.0,0.0,0.0,0.0,0.3333333333333333,0.0,0.3333333333333333,0.6666666666666666,POINT (-73.95229225166666 40.793670131666666),6
39A,-73.959594425,40.797985482499996,0.25,0.5,0.0,0.25,0.5,0.0,0.0,0.0,0.0,0.25,0.0,0.5,0.25,POINT (-73.959594425 40.797985482499996),4
39B,-73.958417205,40.79789372333334,0.0,0.0,0.3333333333333333,0.5,0.6666666666666666,0.0,0.0,0.0,0.0,0.0,0.0,1.0,0.16666666666666666,POINT (-73.958417205 40.79789372333334),6
39C,-73.957621625,40.79730786,0.25,0.0,0.125,0.25,0.5,0.0,0.0,0.0,0.0,0.125,0.0,0.5,0.375,POINT (-73.957621625 40.79730786),8
39D,-73.956538888,40.796745336,0.2,0.2,0.3,0.0,0.2,0.0,0.0,0.0,0.0,0.1,0.0,0.2,0.3,POINT (-73.956538888 40.796745336),10
39E,-73.95554408714285,40.79636763,0.14285714285714285,0.14285714285714285,0.0,0.0,0.5714285714285714,0.0,0.0,0.0,0.2857142857142857,0.0,0.14285714285714285,0.7142857142857143,0.2857142857142857,POINT (-73.95554408714285 40.79636763),7
39F,-73.95445141666667,40.79555397777778,0.4444444444444444,0.0,0.3333333333333333,0.1111111111111111,0.5555555555555556,0.0,0.0,0.0,0.0,0.1111111111111111,0.0,0.3333333333333333,0.4444444444444444,POINT (-73.95445141666667 40.79555397777778),9
39G,-73.95355088777778,40.79542020666666,0.3333333333333333,0.2222222222222222,0.1111111111111111,0.1111111111111111,0.2222222222222222,0.0,0.0,0.0,0.0,0.0,0.0,0.2222222222222222,0.0,POINT (-73.95355088777778 40.79542020666666),9
39H,-73.95222366714286,40.79501901,0.0,0.0,0.0,0.5714285714285714,0.8571428571428571,0.0,0.0,0.0,0.0,0.2857142857142857,0.14285714285714285,0.7142857142857143,0.14285714285714285,POINT (-73.95222366714286 40.79501901),7
39I,-73.951647585,40.7946719925,0.0,0.25,0.25,0.5,0.0,0.0,0.0,0.0,0.0,0.0,0.5,0.0,0.0,POINT (-73.951647585 40.7946719925),4
40A,-73.95880772299999,40.798738852999996,0.5,0.0,0.3,0.2,0.3,0.0,0.0,0.0,0.3,0.1,0.0,0.4,0.6,POINT (-73.95880772299999 40.798738852999996),10
40B,-73.95815847941176,40.7984975717647,0.17647058823529413,0.11764705882352941,0.17647058823529413,0.0,0.7647058823529411,0.058823529411764705,0.058823529411764705,0.0,0.0,0.23529411764705882,0.17647058823529413,0.6470588235294118,0.35294117647058826,POINT (-73.95815847941176 40.7984975717647),17
40C,-73.95690286066666,40.797874748000005,0.5333333333333333,0.26666666666666666,0.13333333333333333,0.13333333333333333,0.2,0.0,0.0,0.0,0.0,0.06666666666666667,0.06666666666666667,0.2,0.4666666666666667,POINT (-73.95690286066666 40.797874748000005),15
40D,-73.95592721714286,40.79756559428572,0.6428571428571429,0.07142857142857142,0.21428571428571427,0.14285714285714285,0.5,0.07142857142857142,0.0,0.0,0.0,0.14285714285714285,0.0,0.42857142857142855,0.42857142857142855,POINT (-73.95592721714286 40.79756559428572),14
40E,-73.95520987571429,40.79709414857143,0.42857142857142855,0.0,0.14285714285714285,0.14285714285714285,0.5714285714285714,0.0,0.14285714285714285,0.0,0.0,0.2857142857142857,0.0,0.8571428571428571,0.14285714285714285,POINT (-73.95520987571429 40.79709414857143),7
40F,-73.95381674,40.79667049333333,0.0,0.0,0.0,0.3333333333333333,0.6666666666666666,0.0,0.0,0.0,0.0,0.0,0.0,1.0,0.0,POINT (-73.95381674 40.79667049333333),3
40G,-73.95304528875,40.79612674375,0.75,0.0,0.25,0.5,0.0,0.0,0.0,0.0,0.0,0.0,0.125,0.5,0.25,POINT (-73.95304528875 40.79612674375),8
40H,-73.951695795,40.795321115,0.0,0.0,0.0,0.0,1.0,0.0,0.0,0.0,0.0,0.0,0.0,0.5,0.5,POINT (-73.951695795 40.795321115),2
40I,-73.95088638,40.79517227666667,0.6666666666666666,0.0,0.0,0.3333333333333333,0.6666666666666666,0.0,0.0,0.0,0.0,0.0,0.0,0.6666666666666666,0.0,POINT (-73.95088638 40.79517227666667),3
41A,-73.95836939571429,40.79943090571429,0.8571428571428571,0.0,0.7142857142857143,0.14285714285714285,0.0,0.0,0.0,0.0,0.0,0.14285714285714285,0.0,0.14285714285714285,0.42857142857142855,POINT (-73.95836939571429 40.79943090571429),7
41B,-73.957547914,40.79913103933333,0.06666666666666667,0.2,0.4666666666666667,0.13333333333333333,0.13333333333333333,0.13333333333333333,0.0,0.0,0.06666666666666667,0.0,0.13333333333333333,0.2,0.13333333333333333,POINT (-73.957547914 40.79913103933333),15
41C,-73.95655407363637,40.79867313363636,0.36363636363636365,0.0,0.2727272727272727,0.09090909090909091,0.45454545454545453,0.09090909090909091,0.0,0.0,0.09090909090909091,0.09090909090909091,0.09090909090909091,0.5454545454545454,0.09090909090909091,POINT (-73.95655407363637 40.79867313363636),11
41D,-73.955428929,40.798353274,0.3,0.0,0.1,0.2,0.3,0.0,0.0,0.0,0.0,0.0,0.0,0.5,0.2,POINT (-73.955428929 40.798353274),10
41E,-73.95425261363636,40.79806684727273,0.18181818181818182,0.0,0.18181818181818182,0.09090909090909091,0.7272727272727273,0.0,0.0,0.0,0.0,0.09090909090909091,0.0,0.45454545454545453,0.18181818181818182,POINT (-73.95425261363636 40.79806684727273),11
41G,-73.952089305,40.79694088,0.0,0.0,0.0,0.5,1.0,0.0,0.0,0.0,0.0,0.0,0.0,0.5,0.5,POINT (-73.952089305 40.79694088),2
41I,-73.95032579666666,40.796103853333335,0.6666666666666666,0.0,0.0,0.0,0.6666666666666666,0.0,0.0,0.0,0.0,0.3333333333333333,0.0,0.3333333333333333,0.0,POINT (-73.95032579666666 40.796103853333335),3
42A,-73.95798088000001,40.79990185,0.5,0.0,0.0,0.0,1.0,0.0,0.0,0.0,0.0,0.5,0.0,0.5,0.0,POINT (-73.95798088000001 40.79990185),2
42B,-73.957210375,40.79986063,0.0,0.0,0.5,0.0,0.5,0.0,0.0,0.0,0.0,0.0,0.0,1.0,0.0,POINT (-73.957210375 40.79986063),2
42C,-73.95627618875,40.79926395625,0.0,0.0,0.25,0.25,0.5,0.125,0.0,0.0,0.0,0.0,0.0,0.75,0.375,POINT (-73.95627618875 40.79926395625),8
42D,-73.95481510714285,40.798766321428566,0.0,0.14285714285714285,0.14285714285714285,0.42857142857142855,0.5714285714285714,0.14285714285714285,0.0,0.0,0.0,0.14285714285714285,0.14285714285714285,1.0,0.0,POINT (-73.95481510714285 40.798766321428566),7
42E,-73.95389198166667,40.79817413833333,0.5,0.0,0.3333333333333333,0.16666666666666666,0.8333333333333334,0.16666666666666666,0.0,0.0,0.0,0.0,0.0,0.6666666666666666,0.3333333333333333,POINT (-73.95389198166667 40.79817413833333),6
42F,-73.952999495,40.79810458166667,0.6666666666666666,0.0,0.0,0.16666666666666666,0.16666666666666666,0.0,0.0,0.0,0.0,0.16666666666666666,0.0,0.8333333333333334,0.16666666666666666,POINT (-73.952999495 40.79810458166667),6
42G,-73.95183518666667,40.79756593166667,0.5,0.0,0.3333333333333333,0.16666666666666666,0.3333333333333333,0.0,0.0,0.16666666666666666,0.0,0.0,0.16666666666666666,0.3333333333333333,0.6666666666666666,POINT (-73.95183518666667 40.79756593166667),6
42H,-73.95064401166667,40.797516755,0.5,0.3333333333333333,0.0,0.16666666666666666,0.3333333333333333,0.0,0.0,0.0,0.0,0.3333333333333333,0.0,0.3333333333333333,0.5,POINT (-73.95064401166667 40.797516755),6
42I,-73.94990322,40.79685037,0.3333333333333333,0.0,0.3333333333333333,0.3333333333333333,0.0,0.0,0.0,0.0,0.0,0.3333333333333333,0.0,0.6666666666666666,0.3333333333333333,POINT (-73.94990322 40.79685037),3
